ts,ready,desired,cpu,bench_nodes,loaders
1788553266,10,10,13,1,0
1788553291,10,10,26,1,2
1788553317,18,29,144,1,4
1788553343,22,29,101,3,3
1788553368,34,37,105,3,2
1788553394,41,41,51,4,1
1788553420,23,41,61,4,2
1788553446,41,41,56,4,3
1788553473,41,41,46,4,5
1788553498,41,69,83,4,7
1788553524,42,89,108,7,6
1788553550,86,89,104,8,5
1788553577,94,98,91,9,4
1788553603,102,124,86,9,3
1788553629,112,124,58,12,2
1788553656,124,124,53,12,4
1788553683,145,172,69,12,6
1788553710,146,231,83,15,6
1788553737,190,231,75,20,5
