pod,created,scheduled,ready,ttr_from_spike_s,ttr_created_to_ready_s
scaleout-app-db6d48c46-222rg,2026-09-05T02:35:51Z,2026-09-05T02:35:54Z,2026-09-05T02:36:00Z,391,9
scaleout-app-db6d48c46-22nm6,2026-09-05T02:35:51Z,2026-09-05T02:35:54Z,2026-09-05T02:35:58Z,389,7
scaleout-app-db6d48c46-2657p,2026-09-05T02:35:21Z,2026-09-05T02:35:23Z,2026-09-05T02:35:33Z,364,12
scaleout-app-db6d48c46-2ll4n,2026-09-05T02:33:21Z,2026-09-05T02:33:23Z,2026-09-05T02:33:28Z,239,7
scaleout-app-db6d48c46-2xvcf,2026-09-05T02:30:20Z,2026-09-05T02:30:20Z,2026-09-05T02:31:41Z,132,81
scaleout-app-db6d48c46-42j88,2026-09-05T02:33:51Z,2026-09-05T02:34:19Z,2026-09-05T02:34:28Z,299,37
scaleout-app-db6d48c46-4bzj2,2026-09-05T02:31:05Z,2026-09-05T02:31:08Z,2026-09-05T02:35:13Z,344,248
scaleout-app-db6d48c46-4crpg,2026-09-05T02:33:51Z,2026-09-05T02:34:19Z,2026-09-05T02:34:29Z,300,38
scaleout-app-db6d48c46-4q2gg,2026-09-05T02:33:50Z,2026-09-05T02:33:53Z,2026-09-05T02:34:02Z,273,12
scaleout-app-db6d48c46-4t5nt,2026-09-05T02:30:20Z,2026-09-05T02:30:23Z,2026-09-05T02:31:41Z,132,81
scaleout-app-db6d48c46-4wj8r,2026-09-05T02:33:51Z,2026-09-05T02:34:19Z,2026-09-05T02:34:28Z,299,37
scaleout-app-db6d48c46-568lg,2026-09-05T02:35:51Z,2026-09-05T02:35:52Z,2026-09-05T02:35:55Z,386,4
scaleout-app-db6d48c46-5787j,2026-09-05T02:33:51Z,2026-09-05T02:34:19Z,2026-09-05T02:34:29Z,300,38
scaleout-app-db6d48c46-5dsbk,2026-09-05T02:35:51Z,2026-09-05T02:35:54Z,2026-09-05T02:35:58Z,389,7
scaleout-app-db6d48c46-5hjc6,2026-09-05T02:33:20Z,2026-09-05T02:33:23Z,2026-09-05T02:34:43Z,314,83
scaleout-app-db6d48c46-5ktfg,2026-09-05T02:35:21Z,2026-09-05T02:35:21Z,2026-09-05T02:35:37Z,368,16
scaleout-app-db6d48c46-5nxbm,2026-09-05T02:30:05Z,2026-09-05T02:30:05Z,2026-09-05T02:31:46Z,137,101
scaleout-app-db6d48c46-65s5m,2026-09-05T02:33:20Z,2026-09-05T02:33:23Z,2026-09-05T02:34:46Z,317,86
scaleout-app-db6d48c46-67f8v,2026-09-05T02:33:51Z,2026-09-05T02:34:19Z,2026-09-05T02:34:28Z,299,37
scaleout-app-db6d48c46-6fjl7,2026-09-05T02:33:51Z,2026-09-05T02:33:53Z,2026-09-05T02:34:09Z,280,18
scaleout-app-db6d48c46-6h7zj,2026-09-05T02:30:05Z,2026-09-05T02:30:05Z,2026-09-05T02:31:46Z,137,101
scaleout-app-db6d48c46-6hf25,2026-09-05T02:33:20Z,2026-09-05T02:33:22Z,2026-09-05T02:35:35Z,366,135
scaleout-app-db6d48c46-6jw66,2026-09-05T02:31:05Z,2026-09-05T02:31:07Z,2026-09-05T02:35:13Z,344,248
scaleout-app-db6d48c46-6tq7j,2026-09-05T02:35:21Z,2026-09-05T02:35:21Z,2026-09-05T02:35:36Z,367,15
scaleout-app-db6d48c46-728j6,2026-09-05T02:35:21Z,2026-09-05T02:35:21Z,2026-09-05T02:35:36Z,367,15
scaleout-app-db6d48c46-7dxg5,2026-09-05T02:35:51Z,2026-09-05T02:35:54Z,2026-09-05T02:35:57Z,388,6
scaleout-app-db6d48c46-7tc6h,2026-09-05T02:33:51Z,2026-09-05T02:33:53Z,2026-09-05T02:34:14Z,285,23
scaleout-app-db6d48c46-88vt5,2026-09-05T02:33:51Z,2026-09-05T02:34:19Z,2026-09-05T02:34:29Z,300,38
scaleout-app-db6d48c46-8cfvn,2026-09-05T02:33:21Z,2026-09-05T02:33:24Z,2026-09-05T02:33:30Z,241,9
scaleout-app-db6d48c46-8cvtl,2026-09-05T02:35:51Z,2026-09-05T02:35:53Z,2026-09-05T02:35:59Z,390,8
scaleout-app-db6d48c46-8h7jp,2026-09-05T02:33:51Z,2026-09-05T02:33:53Z,2026-09-05T02:34:24Z,295,33
scaleout-app-db6d48c46-8jhsd,2026-09-05T02:35:51Z,2026-09-05T02:35:53Z,2026-09-05T02:35:56Z,387,5
scaleout-app-db6d48c46-8xlc5,2026-09-05T02:33:51Z,2026-09-05T02:33:53Z,2026-09-05T02:34:22Z,293,31
scaleout-app-db6d48c46-8zqx8,2026-09-05T02:33:21Z,2026-09-05T02:33:23Z,2026-09-05T02:33:29Z,240,8
scaleout-app-db6d48c46-95p7x,2026-09-05T02:30:20Z,2026-09-05T02:30:20Z,2026-09-05T02:31:44Z,135,84
scaleout-app-db6d48c46-9964n,2026-09-05T02:35:21Z,2026-09-05T02:35:21Z,2026-09-05T02:35:36Z,367,15
scaleout-app-db6d48c46-9l4kp,2026-09-05T02:35:21Z,2026-09-05T02:35:21Z,2026-09-05T02:35:36Z,367,15
scaleout-app-db6d48c46-9w67m,2026-09-05T02:33:51Z,2026-09-05T02:33:53Z,2026-09-05T02:34:14Z,285,23
scaleout-app-db6d48c46-9xgzh,2026-09-05T02:35:21Z,2026-09-05T02:35:21Z,2026-09-05T02:35:31Z,362,10
scaleout-app-db6d48c46-b6wqb,2026-09-05T02:33:21Z,2026-09-05T02:33:23Z,2026-09-05T02:33:30Z,241,9
scaleout-app-db6d48c46-b7sjx,2026-09-05T02:30:20Z,2026-09-05T02:30:23Z,2026-09-05T02:31:44Z,135,84
scaleout-app-db6d48c46-bc6z6,2026-09-05T02:35:21Z,2026-09-05T02:35:23Z,2026-09-05T02:35:26Z,357,5
scaleout-app-db6d48c46-bftrf,2026-09-05T02:33:21Z,2026-09-05T02:33:24Z,2026-09-05T02:33:29Z,240,8
scaleout-app-db6d48c46-bgf55,2026-09-05T02:31:05Z,2026-09-05T02:31:07Z,2026-09-05T02:35:12Z,343,247
scaleout-app-db6d48c46-bkwpz,2026-09-05T02:35:21Z,2026-09-05T02:35:21Z,2026-09-05T02:35:33Z,364,12
scaleout-app-db6d48c46-bv92p,2026-09-05T02:30:05Z,2026-09-05T02:30:05Z,2026-09-05T02:31:46Z,137,101
scaleout-app-db6d48c46-c4vgf,2026-09-05T02:33:50Z,2026-09-05T02:33:53Z,2026-09-05T02:34:02Z,273,12
scaleout-app-db6d48c46-c5pjl,2026-09-05T02:30:20Z,2026-09-05T02:30:22Z,2026-09-05T02:31:49Z,140,89
scaleout-app-db6d48c46-cbjbk,2026-09-05T02:33:51Z,2026-09-05T02:33:53Z,2026-09-05T02:34:30Z,301,39
scaleout-app-db6d48c46-chktk,2026-09-05T02:33:21Z,2026-09-05T02:33:24Z,2026-09-05T02:33:31Z,242,10
scaleout-app-db6d48c46-cmjrl,2026-09-05T02:35:21Z,2026-09-05T02:35:21Z,2026-09-05T02:35:37Z,368,16
scaleout-app-db6d48c46-crvdv,2026-09-05T02:33:20Z,2026-09-05T02:33:20Z,2026-09-05T02:35:29Z,360,129
scaleout-app-db6d48c46-csqdx,2026-09-05T02:33:21Z,2026-09-05T02:33:23Z,2026-09-05T02:33:30Z,241,9
scaleout-app-db6d48c46-cvtqq,2026-09-05T02:35:21Z,2026-09-05T02:35:21Z,2026-09-05T02:35:36Z,367,15
scaleout-app-db6d48c46-cx7nc,2026-09-05T02:35:51Z,2026-09-05T02:35:53Z,2026-09-05T02:35:57Z,388,6
scaleout-app-db6d48c46-cxtxj,2026-09-05T02:35:21Z,2026-09-05T02:35:21Z,2026-09-05T02:35:31Z,362,10
scaleout-app-db6d48c46-d69kb,2026-09-05T02:33:51Z,2026-09-05T02:33:53Z,2026-09-05T02:34:02Z,273,11
scaleout-app-db6d48c46-dp8pq,2026-09-05T02:33:50Z,2026-09-05T02:33:53Z,2026-09-05T02:34:02Z,273,12
scaleout-app-db6d48c46-dpljz,2026-09-05T02:30:20Z,2026-09-05T02:30:22Z,2026-09-05T02:31:44Z,135,84
scaleout-app-db6d48c46-dsj74,2026-09-05T02:30:20Z,2026-09-05T02:30:22Z,2026-09-05T02:31:41Z,132,81
scaleout-app-db6d48c46-dvfs2,2026-09-05T02:33:50Z,2026-09-05T02:33:53Z,2026-09-05T02:34:09Z,280,19
scaleout-app-db6d48c46-dvjs6,2026-09-05T02:33:51Z,2026-09-05T02:34:19Z,2026-09-05T02:34:29Z,300,38
scaleout-app-db6d48c46-dxxb4,2026-09-05T02:30:05Z,2026-09-05T02:30:05Z,2026-09-05T02:31:50Z,141,105
scaleout-app-db6d48c46-dztng,2026-09-05T02:35:21Z,2026-09-05T02:35:23Z,2026-09-05T02:35:31Z,362,10
scaleout-app-db6d48c46-f5jwr,2026-09-05T02:30:20Z,2026-09-05T02:30:22Z,2026-09-05T02:31:44Z,135,84
scaleout-app-db6d48c46-f9j62,2026-09-05T02:35:21Z,2026-09-05T02:35:21Z,2026-09-05T02:35:37Z,368,16
scaleout-app-db6d48c46-fk465,2026-09-05T02:33:50Z,2026-09-05T02:33:53Z,2026-09-05T02:34:02Z,273,12
scaleout-app-db6d48c46-fmx27,2026-09-05T02:33:51Z,2026-09-05T02:34:19Z,2026-09-05T02:34:28Z,299,37
scaleout-app-db6d48c46-fpjcq,2026-09-05T02:33:20Z,2026-09-05T02:33:20Z,2026-09-05T02:35:30Z,361,130
scaleout-app-db6d48c46-fpllg,2026-09-05T02:30:20Z,2026-09-05T02:30:20Z,2026-09-05T02:31:42Z,133,82
scaleout-app-db6d48c46-fq255,2026-09-05T02:33:51Z,2026-09-05T02:33:53Z,2026-09-05T02:34:24Z,295,33
scaleout-app-db6d48c46-fvjn4,2026-09-05T02:35:21Z,2026-09-05T02:35:21Z,2026-09-05T02:35:36Z,367,15
scaleout-app-db6d48c46-fwmwq,2026-09-05T02:33:51Z,2026-09-05T02:34:19Z,2026-09-05T02:34:29Z,300,38
scaleout-app-db6d48c46-g2ktr,2026-09-05T02:35:51Z,2026-09-05T02:35:54Z,2026-09-05T02:35:58Z,389,7
scaleout-app-db6d48c46-ggh89,2026-09-05T02:33:51Z,2026-09-05T02:33:53Z,2026-09-05T02:34:25Z,296,34
scaleout-app-db6d48c46-gpss9,2026-09-05T02:35:21Z,2026-09-05T02:35:23Z,2026-09-05T02:35:33Z,364,12
scaleout-app-db6d48c46-gq2cs,2026-09-05T02:35:21Z,2026-09-05T02:35:21Z,2026-09-05T02:35:37Z,368,16
scaleout-app-db6d48c46-gq4dm,2026-09-05T02:35:21Z,2026-09-05T02:35:21Z,2026-09-05T02:35:37Z,368,16
scaleout-app-db6d48c46-gs25r,2026-09-05T02:33:20Z,2026-09-05T02:33:20Z,2026-09-05T02:35:28Z,359,128
scaleout-app-db6d48c46-h4klf,2026-09-05T02:33:21Z,2026-09-05T02:33:24Z,2026-09-05T02:33:30Z,241,9
scaleout-app-db6d48c46-h4r2v,2026-09-05T02:35:51Z,2026-09-05T02:35:53Z,2026-09-05T02:35:57Z,388,6
scaleout-app-db6d48c46-hb4s6,2026-09-05T02:30:20Z,2026-09-05T02:30:20Z,2026-09-05T02:31:43Z,134,83
scaleout-app-db6d48c46-hfj8h,2026-09-05T02:35:21Z,2026-09-05T02:35:21Z,2026-09-05T02:35:37Z,368,16
scaleout-app-db6d48c46-hn9b4,2026-09-05T02:31:05Z,2026-09-05T02:31:07Z,2026-09-05T02:35:09Z,340,244
scaleout-app-db6d48c46-hp4fw,2026-09-05T02:35:21Z,2026-09-05T02:35:23Z,2026-09-05T02:35:31Z,362,10
scaleout-app-db6d48c46-htn6t,2026-09-05T02:33:21Z,2026-09-05T02:33:23Z,2026-09-05T02:34:33Z,304,72
scaleout-app-db6d48c46-htqc7,2026-09-05T02:33:51Z,2026-09-05T02:33:53Z,2026-09-05T02:34:10Z,281,19
scaleout-app-db6d48c46-hvwqz,2026-09-05T02:35:21Z,2026-09-05T02:35:21Z,2026-09-05T02:35:35Z,366,14
scaleout-app-db6d48c46-hz6d4,2026-09-05T02:31:05Z,2026-09-05T02:31:07Z,2026-09-05T02:35:11Z,342,246
scaleout-app-db6d48c46-jjmg6,2026-09-05T02:30:05Z,2026-09-05T02:30:05Z,2026-09-05T02:31:44Z,135,99
scaleout-app-db6d48c46-jvmv6,2026-09-05T02:33:20Z,2026-09-05T02:33:20Z,2026-09-05T02:35:27Z,358,127
scaleout-app-db6d48c46-jwvh7,2026-09-05T02:33:50Z,2026-09-05T02:33:53Z,2026-09-05T02:34:01Z,272,11
scaleout-app-db6d48c46-jxl84,2026-09-05T02:31:05Z,2026-09-05T02:31:07Z,2026-09-05T02:35:14Z,345,249
scaleout-app-db6d48c46-k8gm7,2026-09-05T02:33:20Z,2026-09-05T02:33:23Z,2026-09-05T02:34:45Z,316,85
scaleout-app-db6d48c46-kgddt,2026-09-05T02:30:50Z,2026-09-05T02:30:52Z,2026-09-05T02:34:29Z,300,219
scaleout-app-db6d48c46-kmt8d,2026-09-05T02:33:50Z,2026-09-05T02:33:53Z,2026-09-05T02:34:10Z,281,20
scaleout-app-db6d48c46-ks8h4,2026-09-05T02:33:50Z,2026-09-05T02:33:53Z,2026-09-05T02:34:10Z,281,20
scaleout-app-db6d48c46-kshfb,2026-09-05T02:30:20Z,2026-09-05T02:30:22Z,2026-09-05T02:31:44Z,135,84
scaleout-app-db6d48c46-kv49j,2026-09-05T02:31:05Z,2026-09-05T02:31:08Z,2026-09-05T02:34:29Z,300,204
scaleout-app-db6d48c46-kvgrj,2026-09-05T02:30:20Z,2026-09-05T02:30:23Z,2026-09-05T02:31:46Z,137,86
scaleout-app-db6d48c46-l277x,2026-09-05T02:35:51Z,2026-09-05T02:35:54Z,2026-09-05T02:36:00Z,391,9
scaleout-app-db6d48c46-l46bt,2026-09-05T02:33:21Z,2026-09-05T02:33:24Z,2026-09-05T02:33:30Z,241,9
scaleout-app-db6d48c46-l555m,2026-09-05T02:33:20Z,2026-09-05T02:33:20Z,2026-09-05T02:35:31Z,362,131
scaleout-app-db6d48c46-l7w78,2026-09-05T02:35:21Z,2026-09-05T02:35:21Z,2026-09-05T02:35:37Z,368,16
scaleout-app-db6d48c46-l9c88,2026-09-05T02:30:20Z,2026-09-05T02:30:20Z,2026-09-05T02:31:48Z,139,88
scaleout-app-db6d48c46-lbnnw,2026-09-05T02:33:20Z,2026-09-05T02:33:23Z,2026-09-05T02:34:41Z,312,81
scaleout-app-db6d48c46-lg8dw,2026-09-05T02:33:51Z,2026-09-05T02:33:53Z,2026-09-05T02:34:10Z,281,19
scaleout-app-db6d48c46-lqmjz,2026-09-05T02:30:50Z,2026-09-05T02:30:52Z,2026-09-05T02:34:33Z,304,223
scaleout-app-db6d48c46-ltfzb,2026-09-05T02:35:21Z,2026-09-05T02:35:21Z,2026-09-05T02:35:37Z,368,16
scaleout-app-db6d48c46-lww4l,2026-09-05T02:33:51Z,2026-09-05T02:33:53Z,2026-09-05T02:34:08Z,279,17
scaleout-app-db6d48c46-lzm7t,2026-09-05T02:35:21Z,2026-09-05T02:35:21Z,2026-09-05T02:35:33Z,364,12
scaleout-app-db6d48c46-m4jjs,2026-09-05T02:35:21Z,2026-09-05T02:35:21Z,2026-09-05T02:35:36Z,367,15
scaleout-app-db6d48c46-m6w87,2026-09-05T02:35:21Z,2026-09-05T02:35:21Z,2026-09-05T02:35:31Z,362,10
scaleout-app-db6d48c46-m7hbl,2026-09-05T02:33:51Z,2026-09-05T02:34:19Z,2026-09-05T02:34:28Z,299,37
scaleout-app-db6d48c46-mc94r,2026-09-05T02:33:50Z,2026-09-05T02:33:53Z,2026-09-05T02:34:02Z,273,12
scaleout-app-db6d48c46-mcps5,2026-09-05T02:33:20Z,2026-09-05T02:33:22Z,2026-09-05T02:34:38Z,309,78
scaleout-app-db6d48c46-mdqz4,2026-09-05T02:30:20Z,2026-09-05T02:30:23Z,2026-09-05T02:31:49Z,140,89
scaleout-app-db6d48c46-mf87w,2026-09-05T02:35:21Z,2026-09-05T02:35:21Z,2026-09-05T02:35:35Z,366,14
scaleout-app-db6d48c46-mhl2x,2026-09-05T02:33:50Z,2026-09-05T02:33:53Z,2026-09-05T02:34:29Z,300,39
scaleout-app-db6d48c46-mvht7,2026-09-05T02:33:20Z,2026-09-05T02:33:20Z,2026-09-05T02:35:29Z,360,129
scaleout-app-db6d48c46-nq472,2026-09-05T02:33:50Z,2026-09-05T02:33:53Z,2026-09-05T02:34:02Z,273,12
scaleout-app-db6d48c46-ntdgd,2026-09-05T02:33:21Z,2026-09-05T02:33:24Z,2026-09-05T02:33:29Z,240,8
scaleout-app-db6d48c46-nwpn4,2026-09-05T02:35:21Z,2026-09-05T02:35:21Z,2026-09-05T02:35:35Z,366,14
scaleout-app-db6d48c46-nxfhf,2026-09-05T02:35:21Z,2026-09-05T02:35:21Z,2026-09-05T02:35:37Z,368,16
scaleout-app-db6d48c46-nxmhl,2026-09-05T02:35:51Z,2026-09-05T02:35:54Z,2026-09-05T02:35:57Z,388,6
scaleout-app-db6d48c46-p7xtk,2026-09-05T02:33:50Z,2026-09-05T02:33:53Z,2026-09-05T02:34:02Z,273,12
scaleout-app-db6d48c46-p8f6b,2026-09-05T02:35:51Z,2026-09-05T02:35:53Z,2026-09-05T02:35:57Z,388,6
scaleout-app-db6d48c46-pf4c8,2026-09-05T02:30:05Z,2026-09-05T02:30:05Z,2026-09-05T02:31:44Z,135,99
scaleout-app-db6d48c46-pn5fd,2026-09-05T02:33:50Z,2026-09-05T02:33:53Z,2026-09-05T02:34:08Z,279,18
scaleout-app-db6d48c46-psjp6,2026-09-05T02:30:20Z,2026-09-05T02:30:20Z,2026-09-05T02:31:46Z,137,86
scaleout-app-db6d48c46-pwxv5,2026-09-05T02:35:21Z,2026-09-05T02:35:21Z,2026-09-05T02:35:42Z,373,21
scaleout-app-db6d48c46-q5mkw,2026-09-05T02:35:21Z,2026-09-05T02:35:21Z,2026-09-05T02:35:35Z,366,14
scaleout-app-db6d48c46-q95kt,2026-09-05T02:30:20Z,2026-09-05T02:30:22Z,2026-09-05T02:31:44Z,135,84
scaleout-app-db6d48c46-qqbrh,2026-09-05T02:33:50Z,2026-09-05T02:33:53Z,2026-09-05T02:34:01Z,272,11
scaleout-app-db6d48c46-qtqlw,2026-09-05T02:33:21Z,2026-09-05T02:33:24Z,2026-09-05T02:33:30Z,241,9
scaleout-app-db6d48c46-qzk77,2026-09-05T02:35:21Z,2026-09-05T02:35:21Z,2026-09-05T02:35:31Z,362,10
scaleout-app-db6d48c46-r2w9c,2026-09-05T02:33:51Z,2026-09-05T02:33:53Z,2026-09-05T02:34:30Z,301,39
scaleout-app-db6d48c46-r59xx,2026-09-05T02:33:51Z,2026-09-05T02:34:19Z,2026-09-05T02:34:28Z,299,37
scaleout-app-db6d48c46-r5cvs,2026-09-05T02:35:51Z,2026-09-05T02:35:53Z,2026-09-05T02:35:59Z,390,8
scaleout-app-db6d48c46-r5mp6,2026-09-05T02:33:20Z,2026-09-05T02:33:23Z,2026-09-05T02:34:44Z,315,84
scaleout-app-db6d48c46-rbmg2,2026-09-05T02:33:21Z,2026-09-05T02:33:23Z,2026-09-05T02:34:29Z,300,68
scaleout-app-db6d48c46-rcrpk,2026-09-05T02:35:51Z,2026-09-05T02:35:53Z,2026-09-05T02:35:59Z,390,8
scaleout-app-db6d48c46-s8rl6,2026-09-05T02:30:05Z,2026-09-05T02:30:05Z,2026-09-05T02:31:47Z,138,102
scaleout-app-db6d48c46-sf79h,2026-09-05T02:30:50Z,2026-09-05T02:30:52Z,2026-09-05T02:34:34Z,305,224
scaleout-app-db6d48c46-sffnm,2026-09-05T02:35:51Z,2026-09-05T02:35:54Z,2026-09-05T02:35:58Z,389,7
scaleout-app-db6d48c46-slldk,2026-09-05T02:35:21Z,2026-09-05T02:35:21Z,2026-09-05T02:35:37Z,368,16
scaleout-app-db6d48c46-snv7h,2026-09-05T02:33:21Z,2026-09-05T02:33:23Z,2026-09-05T02:33:33Z,244,12
scaleout-app-db6d48c46-szdrm,2026-09-05T02:30:50Z,2026-09-05T02:30:52Z,2026-09-05T02:34:36Z,307,226
scaleout-app-db6d48c46-szlst,2026-09-05T02:30:20Z,2026-09-05T02:30:20Z,2026-09-05T02:31:42Z,133,82
scaleout-app-db6d48c46-t8bvn,2026-09-05T02:33:21Z,2026-09-05T02:33:23Z,2026-09-05T02:33:30Z,241,9
scaleout-app-db6d48c46-t8hzc,2026-09-05T02:33:51Z,2026-09-05T02:33:53Z,2026-09-05T02:34:09Z,280,18
scaleout-app-db6d48c46-tcsf2,2026-09-05T02:31:05Z,2026-09-05T02:31:07Z,2026-09-05T02:35:13Z,344,248
scaleout-app-db6d48c46-td7ps,2026-09-05T02:35:51Z,2026-09-05T02:35:53Z,2026-09-05T02:35:57Z,388,6
scaleout-app-db6d48c46-tfxn2,2026-09-05T02:35:51Z,2026-09-05T02:35:54Z,2026-09-05T02:36:00Z,391,9
scaleout-app-db6d48c46-tgqtr,2026-09-05T02:33:20Z,2026-09-05T02:33:22Z,2026-09-05T02:35:26Z,357,126
scaleout-app-db6d48c46-tjq4v,2026-09-05T02:33:20Z,2026-09-05T02:33:23Z,2026-09-05T02:34:46Z,317,86
scaleout-app-db6d48c46-tp24h,2026-09-05T02:33:51Z,2026-09-05T02:34:19Z,2026-09-05T02:34:29Z,300,38
scaleout-app-db6d48c46-tpz9g,2026-09-05T02:33:50Z,2026-09-05T02:33:53Z,2026-09-05T02:34:29Z,300,39
scaleout-app-db6d48c46-tqh7n,2026-09-05T02:35:21Z,2026-09-05T02:35:21Z,2026-09-05T02:35:36Z,367,15
scaleout-app-db6d48c46-tzfck,2026-09-05T02:33:21Z,2026-09-05T02:33:23Z,2026-09-05T02:34:32Z,303,71
scaleout-app-db6d48c46-v67sf,2026-09-05T02:33:50Z,2026-09-05T02:33:53Z,2026-09-05T02:34:08Z,279,18
scaleout-app-db6d48c46-vbbzn,2026-09-05T02:33:21Z,2026-09-05T02:33:23Z,2026-09-05T02:33:30Z,241,9
scaleout-app-db6d48c46-vfrk5,2026-09-05T02:33:51Z,2026-09-05T02:34:19Z,2026-09-05T02:34:28Z,299,37
scaleout-app-db6d48c46-vgk9j,2026-09-05T02:33:21Z,2026-09-05T02:33:24Z,2026-09-05T02:33:29Z,240,8
scaleout-app-db6d48c46-vhm4h,2026-09-05T02:35:21Z,2026-09-05T02:35:21Z,2026-09-05T02:35:35Z,366,14
scaleout-app-db6d48c46-vhw4r,2026-09-05T02:35:21Z,2026-09-05T02:35:21Z,2026-09-05T02:35:36Z,367,15
scaleout-app-db6d48c46-vk442,2026-09-05T02:30:20Z,2026-09-05T02:30:23Z,2026-09-05T02:31:44Z,135,84
scaleout-app-db6d48c46-vmnf9,2026-09-05T02:33:50Z,2026-09-05T02:33:53Z,2026-09-05T02:34:02Z,273,12
scaleout-app-db6d48c46-vp4gz,2026-09-05T02:30:20Z,2026-09-05T02:30:20Z,2026-09-05T02:31:46Z,137,86
scaleout-app-db6d48c46-vq8v6,2026-09-05T02:33:21Z,2026-09-05T02:33:23Z,2026-09-05T02:34:32Z,303,71
scaleout-app-db6d48c46-vrm2q,2026-09-05T02:33:50Z,2026-09-05T02:33:53Z,2026-09-05T02:34:01Z,272,11
scaleout-app-db6d48c46-vz4px,2026-09-05T02:33:51Z,2026-09-05T02:33:53Z,2026-09-05T02:34:14Z,285,23
scaleout-app-db6d48c46-w2sk9,2026-09-05T02:30:20Z,2026-09-05T02:30:23Z,2026-09-05T02:31:45Z,136,85
scaleout-app-db6d48c46-w5fbh,2026-09-05T02:35:21Z,2026-09-05T02:35:21Z,2026-09-05T02:35:37Z,368,16
scaleout-app-db6d48c46-wcsps,2026-09-05T02:35:21Z,2026-09-05T02:35:21Z,2026-09-05T02:35:31Z,362,10
scaleout-app-db6d48c46-wr2m8,2026-09-05T02:33:51Z,2026-09-05T02:33:53Z,2026-09-05T02:34:24Z,295,33
scaleout-app-db6d48c46-wvpfd,2026-09-05T02:35:21Z,2026-09-05T02:35:21Z,2026-09-05T02:35:37Z,368,16
scaleout-app-db6d48c46-wzdcw,2026-09-05T02:35:51Z,2026-09-05T02:35:52Z,2026-09-05T02:35:58Z,389,7
scaleout-app-db6d48c46-wzdfc,2026-09-05T02:35:51Z,2026-09-05T02:35:53Z,2026-09-05T02:35:56Z,387,5
scaleout-app-db6d48c46-x4z9t,2026-09-05T02:35:51Z,2026-09-05T02:35:54Z,2026-09-05T02:35:58Z,389,7
scaleout-app-db6d48c46-xcgq7,2026-09-05T02:33:50Z,2026-09-05T02:33:53Z,2026-09-05T02:34:25Z,296,35
scaleout-app-db6d48c46-xjlzd,2026-09-05T02:33:50Z,2026-09-05T02:33:53Z,2026-09-05T02:34:01Z,272,11
scaleout-app-db6d48c46-xnglp,2026-09-05T02:33:21Z,2026-09-05T02:33:23Z,2026-09-05T02:33:31Z,242,10
scaleout-app-db6d48c46-xs6z6,2026-09-05T02:33:21Z,2026-09-05T02:33:53Z,2026-09-05T02:34:01Z,272,40
scaleout-app-db6d48c46-xtrr9,2026-09-05T02:31:05Z,2026-09-05T02:31:08Z,2026-09-05T02:35:01Z,332,236
scaleout-app-db6d48c46-xvdv8,2026-09-05T02:30:20Z,2026-09-05T02:30:23Z,2026-09-05T02:31:45Z,136,85
scaleout-app-db6d48c46-xw976,2026-09-05T02:35:21Z,2026-09-05T02:35:21Z,2026-09-05T02:35:35Z,366,14
scaleout-app-db6d48c46-z45mv,2026-09-05T02:35:21Z,2026-09-05T02:35:21Z,2026-09-05T02:35:35Z,366,14
scaleout-app-db6d48c46-z68mp,2026-09-05T02:30:20Z,2026-09-05T02:30:20Z,2026-09-05T02:31:46Z,137,86
scaleout-app-db6d48c46-zl2dn,2026-09-05T02:35:51Z,2026-09-05T02:35:53Z,2026-09-05T02:35:57Z,388,6
scaleout-app-db6d48c46-zljtx,2026-09-05T02:35:21Z,2026-09-05T02:35:21Z,2026-09-05T02:35:37Z,368,16
scaleout-app-db6d48c46-zvv24,2026-09-05T02:33:50Z,2026-09-05T02:33:53Z,2026-09-05T02:34:08Z,279,18
scaleout-app-db6d48c46-zwwbw,2026-09-05T02:33:21Z,2026-09-05T02:33:24Z,2026-09-05T02:33:29Z,240,8
